<?xml version="1.0" encoding="UTF-8"?>
<beans xmlns="http://www.springframework.org/schema/beans"
	xmlns:xsi="http://www.w3.org/2001/XMLSchema-instance" xmlns:p="http://www.springframework.org/schema/p"
	xsi:schemaLocation="http://www.springframework.org/schema/beans   
http://www.springframework.org/schema/beans/spring-beans-3.0.xsd
http://www.springframework.org/schema/context
     http://www.springframework.org/schema/context/spring-context-3.0.xsd">

	<!--  
	<bean id="test" class="com.springcore.model.Test"></bean>

	<bean id="scholar" class="com.springcore.model.Scholar">
		<property name="sapId" value="23"></property>
		<property name="name" value="Jahnavi"></property>
		<property name="stipend" value="10000"></property>
	</bean>

	<bean id="schAdd" class="com.springcore.model.Scholar">
		<property name="sapId" value="23"></property>
		<property name="name" value="Jahnavi"></property>
		<property name="stipend" value="10000"></property>
		<property name="Address" ref="address"></property>

	</bean>
	<bean id="address" class="com.springcore.model.Address">
		<property name="doorNo" value="123"></property>
		<property name="street" value="Lakshmi Puram "></property>
		<property name="state" value="Andhra Pradesh "></property>
		<property name="pincode" value="522007"></property>
	</bean>

	<bean id="scholarAdd" class="com.springcore.model.Scholar">
		<property name="sapId" value="123"></property>
		<property name="name" value="Jahnavi"></property>
		<property name="stipend" value="10000"></property>
		<property name="listOfAddresses">
			<list>
				<ref bean="address1"></ref>
				<ref bean="address2"></ref>
				<ref bean="address3"></ref>
			</list>
		</property>
	</bean>

	<bean id="address1" class="com.springcore.model.Address">
		<property name="doorNo" value="123"></property>
		<property name="street" value="Lakshmi Puram "></property>
		<property name="state" value="Andhra Pradesh "></property>
		<property name="pincode" value="522007"></property>
	</bean>
	<bean id="address2" class="com.springcore.model.Address">
		<property name="doorNo" value="234"></property>
		<property name="street" value="Kothapet"></property>
		<property name="state" value="Andhra Pradesh "></property>
		<property name="pincode" value="5432198"></property>
	</bean>

	<bean id="address3" class="com.springcore.model.Address">
		<property name="doorNo" value="345"></property>
		<property name="street" value="Arundelpet "></property>
		<property name="state" value="Andhra Pradesh "></property>
		<property name="pincode" value="5678943"></property>
	</bean>
	-->

<!-- 	<bean id="scho" class="com.springcore.model.Scholar">
		<constructor-arg value="20"></constructor-arg>
		<constructor-arg value="Jahnavi"></constructor-arg>
		<constructor-arg value="100000"></constructor-arg>
	</bean> -->

	<bean id="scholarAddress" class="com.springcore.model.Scholar"
		autowire="byName">
		<constructor-arg value="20"></constructor-arg>
		<constructor-arg value="Jahnavi"></constructor-arg>
		<constructor-arg value="1000000"></constructor-arg>
		<!--  <constructor-arg ref="addAddress"></constructor-arg>-->
	</bean>

	<bean id="address" class="com.springcore.model.Address">
		<constructor-arg value="678"></constructor-arg>
		<constructor-arg value="Amirpet"></constructor-arg>
		<constructor-arg value="Telangana"></constructor-arg>
		<constructor-arg value="876921"></constructor-arg>
	</bean>

</beans>  