<?xml version="1.0" encoding="UTF-8"?>
<!DOCTYPE hibernate-configuration PUBLIC
        "-//Hibernate/Hibernate Configuration DTD 3.0//EN"
        "http://www.hibernate.org/dtd/hibernate-configuration-3.0.dtd">
<hibernate-configuration>
    <session-factory>
        <property name="hibernate.dialect">org.hibernate.dialect.Oracle10gDialect</property>
        <property name="hibernate.connection.driver_class">oracle.jdbc.driver.OracleDriver</property>
        <property name="hibernate.connection.url">jdbc:oracle:thin:@localhost:1521:xe</property>
        <property name="hibernate.connection.username">system</property>
        <property name="hibernate.connection.password">system</property>
        <property name="hbm2ddl.auto">update</property>
        <property name="show_sql">true</property>

        <mapping resource="student.hbm.xml"/>
        <mapping class="com.faculty.Faculty" />
        <mapping class="com.faculty.Address" /> 
        <mapping class="com.university.Student" />
        <mapping class="com.university.University" />
        <mapping class="com.employee.EmployeeVo" /> 
        <mapping class="com.employee.ProjectVo" />
        
    </session-factory>
</hibernate-configuration>